likes,retweets
1.0,0.6380823215064704
0.6380823215064704,1.0
